,City,Lat,Lng,Max Temp,Humidity,Cloudiness,Wind Speed,Country,Date
0,Mana,5.6592,-53.7767,77.25,83,96,11.74,GF,1611025426
1,Barrow,71.2906,-156.7887,-2.2,78,90,20.71,US,1611025426
2,Cape Town,-33.9258,18.4232,68.0,88,0,10.36,ZA,1611025426
3,Atasū,48.6814,71.6433,14.02,87,93,5.12,KZ,1611025426
4,Vaini,-21.2,-175.2,86.0,74,75,9.22,TO,1611025426
5,Douentza,14.9951,-2.9517,63.41,25,0,5.17,ML,1611025392
6,Rikitea,-23.1203,-134.9692,78.26,72,29,14.2,PF,1611025427
7,Saint Paul Harbor,57.79,-152.4072,37.4,60,75,17.27,US,1611025427
8,Mar del Plata,-38.0023,-57.5575,73.99,56,0,4.61,AR,1611025365
9,Constitución,-35.3333,-72.4167,58.1,81,0,3.83,CL,1611025427
10,Bubaque,11.2833,-15.8333,78.73,58,0,10.0,GW,1611025427
11,Verāval,20.9,70.3667,69.76,35,0,9.86,IN,1611025427
12,Souillac,-20.5167,57.5167,78.8,94,75,6.91,MU,1611025427
13,Lorengau,-2.0226,147.2712,84.97,73,62,11.01,PG,1611025408
14,Parkes,-33.1333,148.1833,86.34,13,0,7.92,AU,1611025427
15,Bredasdorp,-34.5322,20.0403,64.4,88,98,3.44,ZA,1611025427
16,Tiksi,71.6872,128.8694,-29.96,85,100,4.92,RU,1611025382
17,Punta Arenas,-53.15,-70.9167,48.2,81,0,12.66,CL,1611025130
18,Coquimbo,-29.9533,-71.3436,59.0,82,0,6.91,CL,1611025346
19,Busselton,-33.65,115.3333,97.0,31,9,5.01,AU,1611025375
20,Kapaa,22.0752,-159.319,71.6,68,75,26.46,US,1611025345
21,Torbay,47.6666,-52.7314,37.0,93,90,8.05,CA,1611025397
22,Gornyy,55.1153,83.9059,-12.55,90,3,11.03,RU,1611025428
23,Pochutla,15.7432,-96.4661,75.99,69,0,3.18,MX,1611025428
24,Lavrentiya,65.5833,-171.0,-10.82,86,100,8.41,RU,1611025428
25,Atuona,-9.8,-139.0333,78.49,77,5,17.52,PF,1611025428
26,Arraial do Cabo,-22.9661,-42.0278,75.67,84,0,20.33,BR,1611025428
27,College,64.8569,-147.8028,37.4,68,75,3.96,US,1611025363
28,Tavrichanka,43.3378,131.8639,-2.2,35,0,15.66,RU,1611025428
29,Albany,42.6001,-73.9662,30.0,70,14,6.71,US,1611025403
30,Kodīnar,20.7903,70.7031,69.94,32,0,6.2,IN,1611025428
31,Dingle,10.9995,122.6711,76.86,89,100,12.06,PH,1611025429
32,Longyearbyen,78.2186,15.6401,17.6,62,20,25.32,SJ,1611025215
33,Khatanga,71.9667,102.5,-35.14,81,0,12.59,RU,1611025429
34,Kenai,60.5544,-151.2583,37.0,80,90,12.66,US,1611025397
35,Bandarbeyla,9.4942,50.8122,73.36,65,90,21.72,SO,1611025398
36,Cherskiy,68.75,161.3,-41.57,80,59,5.55,RU,1611025429
37,Dhārchula,29.85,80.5333,55.08,30,0,3.11,IN,1611025429
38,Taldan,53.6667,124.8,-20.85,78,6,1.48,RU,1611025429
39,Ostrovnoy,68.0531,39.5131,18.52,96,93,11.01,RU,1611025429
40,Ariquemes,-9.9133,-63.0408,72.91,98,99,2.86,BR,1611025313
41,Kahului,20.8947,-156.47,71.6,83,90,28.77,US,1611025169
42,Asău,46.4333,26.4,10.0,71,19,5.86,RO,1611025429
43,Iqaluit,63.7506,-68.5145,21.2,86,90,17.27,CA,1611025207
44,Hermanus,-34.4187,19.2345,63.0,91,63,2.89,ZA,1611025429
45,Berlevåg,70.8578,29.0864,28.2,93,100,23.91,NO,1611025429
46,Ilulissat,69.2167,-51.1,6.8,61,36,2.3,GL,1611025430
47,Ulladulla,-35.35,150.4667,69.8,49,75,17.27,AU,1611025430
48,Port Blair,11.6667,92.75,82.4,74,75,8.05,IN,1611025430
49,Nanortalik,60.1432,-45.2371,28.13,84,100,7.4,GL,1611025393
50,Port Alfred,-33.5906,26.891,66.0,91,0,1.01,ZA,1611025430
51,Maceió,-9.6658,-35.7353,73.4,94,0,3.44,BR,1611025430
52,Pevek,69.7008,170.3133,-28.57,86,100,6.58,RU,1611025430
53,Avarua,-21.2078,-159.775,82.4,78,95,5.75,CK,1611025430
54,Butaritari,3.0707,172.7902,81.48,80,45,17.49,KI,1611025430
55,Karaton,-6.3424,106.1045,82.4,74,40,10.36,ID,1611025430
56,Pemangkat,1.1667,108.9667,80.51,82,100,11.88,ID,1611025430
57,Makakilo City,21.3469,-158.0858,71.6,73,20,11.5,US,1611025431
58,Roebourne,-20.7833,117.1333,103.26,23,17,6.64,AU,1611025431
59,Ushuaia,-54.8,-68.3,50.0,76,40,4.61,AR,1611025365
60,Kailua,21.4022,-157.7394,71.6,94,90,21.85,US,1611025431
61,Hasaki,35.7333,140.8333,48.0,26,20,24.16,JP,1611025431
62,Nicoya,10.1483,-85.452,78.8,69,0,9.22,CR,1611025223
63,Matamoros,25.5333,-103.25,68.0,15,1,3.6,MX,1611025224
64,Hilo,19.7297,-155.09,71.6,83,90,6.91,US,1611025415
65,Avera,33.194,-82.5271,37.99,70,1,6.33,US,1611025431
66,Norman Wells,65.282,-126.8329,1.4,85,75,10.36,CA,1611025431
67,Kudat,6.8837,116.8477,77.0,94,40,6.91,MY,1611025431
68,Baykit,61.67,96.37,-19.52,82,100,3.0,RU,1611025431
69,Hobart,-42.8794,147.3294,66.0,35,0,19.57,AU,1611025431
70,Chokurdakh,70.6333,147.9167,-33.63,84,4,4.21,RU,1611025432
71,George Town,5.4112,100.3354,81.0,69,20,5.75,MY,1611025215
72,Coahuayana Viejo,18.7333,-103.6833,71.64,89,54,1.77,MX,1611025432
73,Miles City,46.4083,-105.8406,30.2,86,75,14.97,US,1611025432
74,Mataura,-46.1927,168.8643,61.0,55,53,18.01,NZ,1611025375
75,Bethel,41.3712,-73.414,33.01,59,1,5.75,US,1611025384
76,Aklavik,68.2191,-135.0107,3.2,85,88,8.05,CA,1611025432
77,Sirte,31.2089,16.5887,57.67,69,31,18.12,LY,1611025432
78,Bluff,-46.6,168.3333,61.0,55,61,18.01,NZ,1611025432
79,Gaza,31.5,34.4667,51.01,50,0,1.99,PS,1611025432
80,Narsaq,60.9167,-46.05,15.8,62,100,4.61,GL,1611025388
81,Fengrun,39.8333,118.1167,19.04,85,100,6.82,CN,1611025432
82,Cabo San Lucas,22.8909,-109.9124,71.6,33,90,3.44,MX,1611025148
83,Whitehorse,60.7161,-135.0538,32.0,100,90,14.97,CA,1611025432
84,Strezhevoy,60.7333,77.5889,-23.8,69,0,6.71,RU,1611025432
85,Tigil',57.8,158.6667,9.61,91,100,13.91,RU,1611025433
86,Alexandria,31.2156,29.9553,55.4,71,40,16.11,EG,1611025369
87,Warkworth,-36.4,174.6667,73.0,70,89,4.0,NZ,1611025433
88,Kiama,-34.6833,150.8667,73.0,62,53,1.99,AU,1611025433
89,Province of Mantua,45.1667,10.7833,26.6,93,96,3.44,IT,1611025433
90,Jamestown,42.097,-79.2353,30.0,86,90,16.11,US,1611025433
91,Fershampenuaz,53.5202,59.8117,1.0,92,100,4.52,RU,1611025433
92,Zelenogorskiy,55.0333,87.0,-2.2,84,40,8.95,RU,1611025433
93,Poum,-20.2333,164.0167,83.41,75,100,8.46,NC,1611025433
94,Vila Velha,-20.3297,-40.2925,77.0,83,20,4.61,BR,1611025216
95,New Norfolk,-42.7826,147.0587,66.0,38,60,4.0,AU,1611025433
96,Lata,40.1629,-8.3327,48.99,93,0,2.3,PT,1611025381
97,Kruisfontein,-34.0033,24.7314,61.0,91,0,1.01,ZA,1611025433
98,Qaanaaq,77.484,-69.3632,4.5,84,95,7.38,GL,1611025434
99,Nhulunbuy,-12.2333,136.7667,86.0,70,75,10.36,AU,1611025434
100,Pápa,47.33,17.4674,30.2,80,90,9.22,HU,1611025434
101,Bud,39.447,-86.1758,30.99,89,97,5.97,US,1611025434
102,Andrews,32.3187,-102.5457,42.8,52,1,9.22,US,1611025434
103,San Cristobal,7.7669,-72.225,65.35,88,43,1.34,VE,1611025434
104,Penukonda,14.0833,77.5833,67.57,71,0,5.82,IN,1611025434
105,Ponta do Sol,32.6667,-17.1,57.0,66,79,1.01,PT,1611025376
106,Durban,-29.8579,31.0292,69.8,94,75,3.44,ZA,1611025434
107,Lebu,-37.6167,-73.65,59.07,86,0,18.59,CL,1611025434
108,Nikolskoye,59.7035,30.7861,21.2,86,90,2.24,RU,1611025434
109,Teya,60.3778,92.6267,-5.35,86,100,7.83,RU,1611025434
110,Salalah,17.0151,54.0924,69.8,21,0,10.36,OM,1611025435
111,Alekseyevsk,57.8406,108.3492,15.78,94,100,14.92,RU,1611025435
112,Clyde,41.3042,-82.9752,30.99,87,98,11.52,US,1611025435
113,Ribeira Grande,38.5167,-28.7,63.27,88,100,34.49,PT,1611025435
114,Lüderitz,-26.6481,15.1594,64.83,82,47,12.88,NA,1611025435
115,Port-Gentil,-0.7193,8.7815,80.31,80,100,15.26,GA,1611025339
116,Saint-Félicien,48.6501,-72.4491,5.0,66,20,13.8,CA,1611025435
117,Diedorf,48.35,10.7667,26.01,93,20,8.05,DE,1611025435
118,Yerbogachën,61.2767,108.0108,-23.44,86,100,10.11,RU,1611025435
119,East London,-33.0153,27.9116,69.06,81,0,17.54,ZA,1611025435
120,Carnarvon,-24.8667,113.6333,86.0,84,12,13.8,AU,1611025435
121,Saint George,37.1041,-113.5841,48.2,27,1,12.66,US,1611025388
122,Edd,13.9297,41.6925,71.13,81,67,1.57,ER,1611025435
123,Erenhot,43.6475,111.9767,10.62,91,57,3.47,CN,1611025435
124,Sulangan,11.1373,123.7228,77.76,88,100,21.39,PH,1611025436
125,Chioggia,45.2256,12.2889,30.0,93,10,2.3,IT,1611025436
126,Saint-Philippe,-21.3585,55.7679,79.0,65,0,4.61,RE,1611025436
127,Cidreira,-30.1811,-50.2056,69.26,73,15,6.78,BR,1611025436
128,Geraldton,-28.7667,114.6,87.8,55,1,13.8,AU,1611025436
129,Tuatapere,-46.1333,167.6833,61.0,55,71,18.01,NZ,1611025436
130,Hithadhoo,-0.6,73.0833,80.29,69,0,7.52,MV,1611025436
131,Vao,-22.6667,167.4833,78.15,89,97,11.95,NC,1611025436
132,Hirara,24.8,125.2833,66.2,63,75,13.8,JP,1611025436
133,Faanui,-16.4833,-151.75,81.41,75,0,16.55,PF,1611025436
134,Sitka,57.0531,-135.33,46.4,81,90,26.46,US,1611025436
135,Ketchikan,55.3422,-131.6461,44.6,87,90,20.71,US,1611025436
136,Kiryat Gat,31.61,34.7642,51.01,50,0,1.99,IL,1611025437
137,Kita,13.0349,-9.4895,64.17,25,0,4.56,ML,1611025437
138,Richards Bay,-28.783,32.0377,69.91,86,65,4.56,ZA,1611025437
139,Sijunjung,-0.6876,100.9537,72.73,83,100,0.34,ID,1611025176
140,Safaga,26.7292,33.9365,53.6,35,0,11.5,EG,1611025437
141,Darhan,49.4867,105.9228,7.75,90,66,6.78,MN,1611025437
142,Dikson,73.5069,80.5464,-19.03,86,23,22.59,RU,1611025389
143,Carutapera,-1.195,-46.02,79.14,78,100,6.53,BR,1611025437
144,Santa Isabel Rio Negro,-0.4139,-65.0192,75.06,87,58,1.88,BR,1611025437
145,Kuandian,40.7286,124.7847,6.66,71,0,2.55,CN,1611025437
146,Tessalit,20.1986,1.0114,60.73,28,32,13.91,ML,1611025438
147,Port Elizabeth,-33.918,25.5701,64.4,94,0,4.61,ZA,1611025143
148,Finote Selam,10.7,37.2667,54.21,41,59,2.48,ET,1611025438
149,Jinka,5.65,36.65,62.65,48,88,3.51,ET,1611025438
150,Nishihara,26.1842,127.7558,66.2,39,40,12.66,JP,1611025438
151,Kutum,14.2,24.6667,49.91,47,16,11.05,SD,1611025438
152,Bekhtery,46.251,32.2927,-2.2,84,0,4.47,UA,1611025438
153,Bontang,0.1333,117.5,82.2,80,100,8.61,ID,1611025438
154,Andenes,69.3143,16.1194,30.2,80,83,13.8,NO,1611025438
155,Manokwari,-0.8667,134.0833,82.36,73,68,4.05,ID,1611025171
156,Paamiut,61.994,-49.6678,27.55,84,97,6.42,GL,1611025389
157,Coro,11.4045,-69.6734,75.09,85,52,10.92,VE,1611025438
158,Rafai,4.95,23.9167,62.1,32,3,2.48,CF,1611025439
159,Chernyshevskiy,63.0128,112.4714,-45.54,79,100,10.58,RU,1611025439
160,Nizhniy Kuranakh,58.8353,125.4869,-31.09,77,1,1.99,RU,1611025439
161,Baghdad,33.3406,44.4009,50.0,66,0,6.91,IQ,1611025439
162,Ahome,25.9167,-109.1833,61.0,67,1,4.61,MX,1611025439
163,Rundu,-17.9333,19.7667,65.46,92,100,8.88,NA,1611025439
164,Tasiilaq,65.6145,-37.6368,21.2,42,27,1.14,GL,1611025439
165,Thompson,55.7435,-97.8558,-7.6,84,90,1.45,CA,1611025439
166,Price,39.5994,-110.8107,32.0,43,90,18.41,US,1611025439
167,Pau dos Ferros,-6.1125,-38.2063,74.59,84,99,5.1,BR,1611025439
168,Yellowknife,62.456,-114.3525,1.4,85,90,12.66,CA,1611025271
169,Rio Branco,-9.9747,-67.81,69.8,94,90,4.61,BR,1611025439
170,Omboué,-1.5746,9.2618,77.61,86,100,8.08,GA,1611025439
171,Bambous Virieux,-20.3428,57.7575,80.01,94,75,6.91,MU,1611025398
172,Flin Flon,54.7682,-101.865,-3.26,92,91,4.65,CA,1611025440
173,Fray Bentos,-33.1325,-58.2956,72.0,53,0,1.99,UY,1611025313
174,Bengkulu,-3.8004,102.2655,82.9,63,96,1.63,ID,1611025440
175,Mahébourg,-20.4081,57.7,78.8,94,75,6.91,MU,1611025397
176,Fortuna,40.5982,-124.1573,52.0,93,1,8.05,US,1611025440
177,Takoradze,4.8845,-1.7554,78.44,89,1,7.0,GH,1611025440
178,Sucre,-19.0333,-65.2627,49.17,77,97,3.58,BO,1611025440
179,Thinadhoo,0.5333,72.9333,80.44,67,0,6.82,MV,1611025415
180,Letka,59.6011,49.4232,-5.06,91,86,3.85,RU,1611025440
181,Kumul,42.8,93.45,20.86,71,0,2.68,CN,1611025376
182,Kawalu,-7.3817,108.2082,82.36,68,100,3.78,ID,1611025441
183,Yangi Marg`ilon,40.4272,71.7189,37.4,70,100,6.91,UZ,1611025441
184,Honiara,-9.4333,159.95,85.33,72,59,4.32,SB,1611025266
185,Yamoussoukro,6.8206,-5.2767,73.4,94,1,3.51,CI,1611025441
186,Butajīra,8.1167,38.3667,51.96,60,98,8.34,ET,1611025441
187,Puerto Ayora,-0.7393,-90.3518,73.0,98,58,4.74,EC,1611025441
188,Petropavlovsk-Kamchatskiy,53.0452,158.6483,23.0,50,40,22.37,RU,1611025438
189,Lompoc,34.6391,-120.4579,66.2,37,1,13.8,US,1611025409
190,Egvekinot,66.3167,-179.1667,-18.02,86,100,8.97,RU,1611025376
191,Westport,41.1415,-73.3579,37.4,52,1,10.36,US,1611025287
192,Ikorodu,6.6191,3.5041,79.3,83,0,7.72,NG,1611025441
193,Sisimiut,66.9395,-53.6735,21.42,85,15,11.14,GL,1611025442
194,Sibolga,1.7427,98.7792,84.78,60,88,1.45,ID,1611025442
195,Aljezur,37.3191,-8.8033,48.0,100,0,1.99,PT,1611025442
196,Baruun-Urt,46.6806,113.2792,1.42,89,0,8.7,MN,1611025328
197,Leningradskiy,69.3833,178.4167,-22.16,84,100,12.82,RU,1611025376
198,São Félix do Xingu,-6.6447,-51.995,73.18,94,100,1.03,BR,1611025442
199,Atherton,53.5237,-2.4935,46.99,88,100,1.99,GB,1611025276
200,Tuktoyaktuk,69.4541,-133.0374,-5.8,77,20,12.66,CA,1611025435
201,Fenelon Falls,44.5334,-78.7496,19.4,86,99,1.14,CA,1611025442
202,Laguna,38.421,-121.4238,66.0,20,1,21.85,US,1611025442
203,Ponta Delgada,37.7333,-25.6667,61.0,88,75,20.71,PT,1611025442
204,Segovia,41.1667,-4.0,30.99,90,0,4.38,ES,1611025442
205,Castro,-24.7911,-50.0119,64.69,97,100,10.74,BR,1611025387
206,Chumikan,54.7183,135.315,-18.11,76,0,29.35,RU,1611025443
207,Marsaxlokk,35.8419,14.5431,48.0,81,20,6.91,MT,1611025443
208,Sur,22.5667,59.5289,68.52,51,0,4.45,OM,1611025443
209,Tooele,40.5308,-112.2983,30.2,93,90,4.61,US,1611025443
210,Kieta,-6.2167,155.6333,86.13,60,87,3.87,PG,1611025443
211,Henties Bay,-22.116,14.2845,64.99,88,47,3.31,NA,1611025443
212,Killybegs,54.6333,-8.45,44.01,97,100,1.01,IE,1611025443
213,Kaukauna,44.278,-88.272,23.0,58,90,11.5,US,1611025443
214,Portland,45.5234,-122.6762,45.0,70,1,5.75,US,1611025401
215,Ossora,59.2353,163.0719,-5.24,86,100,12.33,RU,1611025444
216,Upernavik,72.7868,-56.1549,6.76,77,23,6.89,GL,1611025444
217,Guiratinga,-16.3494,-53.7583,71.02,95,100,2.04,BR,1611025444
218,Udachny,66.4167,112.4,-55.57,59,55,4.05,RU,1611025444
219,Cardston,49.2,-113.3019,30.2,74,0,8.05,CA,1611025444
220,Owatonna,44.0839,-93.226,21.2,86,90,5.75,US,1611025444
221,Newcastle,-32.9272,151.7765,73.0,73,90,18.41,AU,1611025192
222,Sambava,-14.2667,50.1667,75.65,88,100,11.7,MG,1611025444
223,Saskylakh,71.9167,114.0833,-42.11,79,93,3.69,RU,1611025444
224,Plouzané,48.3833,-4.6167,50.0,100,90,21.85,FR,1611025444
225,Huarmey,-10.0681,-78.1522,70.45,83,100,7.49,PE,1611025444
226,Soubre,5.7856,-6.6083,72.81,89,11,2.46,CI,1611025444
227,Koungheul,13.9833,-14.8,70.11,20,18,11.48,SN,1611025444
228,Mukhen,48.1,136.1,-9.17,83,96,13.58,RU,1611025445
229,Kaeo,-35.1,173.7833,74.37,57,100,14.14,NZ,1611025445
230,Kilindoni,-7.9139,39.6668,81.09,81,100,11.48,TZ,1611025445
231,Najrān,17.4924,44.1277,51.8,40,0,4.61,SA,1611025445
232,Fairbanks,64.8378,-147.7164,37.4,41,1,11.5,US,1611025411
233,Urucará,-2.5364,-57.76,73.81,98,99,1.32,BR,1611025445
234,Kaitangata,-46.2817,169.8464,60.31,47,100,12.19,NZ,1611025377
235,Dom Pedro,-4.4833,-44.45,72.48,98,100,1.63,BR,1611025445
236,Deputatsky,69.3,139.9,-39.78,84,80,2.04,RU,1611025445
237,Chapais,49.7834,-74.8492,-4.0,77,1,5.75,CA,1611025445
238,Perth,-31.9333,115.8333,98.01,19,40,12.66,AU,1611025279
239,Salemi,37.8231,12.8056,42.01,93,0,6.91,IT,1611025445
240,Kungurtug,50.5994,97.5228,12.63,85,90,1.5,RU,1611025446
241,Tura,25.5198,90.2201,66.76,52,3,5.66,IN,1611025446
242,Uyuni,-20.4597,-66.825,50.09,67,70,13.42,BO,1611025446
243,Santa Rosa,14.3122,121.1114,80.6,74,75,2.3,PH,1611025356
244,Kristinestad,62.2743,21.376,29.25,95,98,9.42,FI,1611025446
245,Goderich,43.7501,-81.7165,30.2,86,100,6.91,CA,1611025282
246,Eyl,7.9803,49.8164,72.18,55,89,14.83,SO,1611025330
247,Tiznit Province,29.5833,-9.5,50.23,53,31,1.01,MA,1611025446
248,Ballina,-28.8667,153.5667,86.0,65,88,9.22,AU,1611025446
249,Tokur,53.1333,132.9,-27.47,84,92,4.36,RU,1611025446
250,Felipe Carrillo Puerto,19.5833,-88.05,68.43,85,97,2.84,MX,1611025446
251,Itaparica,-12.8883,-38.6786,82.4,65,20,10.36,BR,1611025270
252,Missoula,47.0166,-113.8009,33.8,75,90,4.61,US,1611025210
253,Mastic Beach,40.7668,-72.8521,37.99,60,1,9.22,US,1611025447
254,Sorong,-0.8833,131.25,81.16,74,100,7.29,ID,1611025447
255,Dutse,11.7594,9.3392,61.43,30,70,9.22,NG,1611025447
256,Bitkine,11.9801,18.2138,62.1,28,65,8.14,TD,1611025447
257,Daugavpils,55.8833,26.5333,9.25,93,99,4.61,LV,1611025447
258,Kodinsk,58.6881,99.1844,8.78,93,100,9.75,RU,1611025447
259,Kimbe,-5.5502,150.1429,88.32,65,63,4.56,PG,1611025447
260,Quelimane,-17.8786,36.8883,78.8,94,75,4.61,MZ,1611025447
261,Severo-Kuril'sk,50.6789,156.125,19.6,86,87,28.14,RU,1611025447
262,Provideniya,64.3833,-173.3,-4.0,71,75,13.42,RU,1611025447
263,Weihai,37.5017,122.1136,28.44,88,0,9.55,CN,1611025448
264,Alofi,-19.0595,-169.9187,87.8,66,75,8.05,NU,1611025448
265,Shingū,33.7333,135.9833,44.6,45,40,26.46,JP,1611025448
266,São João da Barra,-21.6403,-41.0511,76.05,89,0,14.2,BR,1611025448
267,Olafsvik,64.8945,-23.7142,30.88,91,21,13.29,IS,1611025448
268,San Vicente de Cañete,-13.0751,-76.3835,70.93,81,100,2.37,PE,1611025448
269,Usmajac,19.8667,-103.5667,60.76,69,86,1.74,MX,1611025448
270,Smithers,54.7804,-127.1743,30.2,93,90,5.75,CA,1611025204
271,Awjilah,29.1081,21.2869,49.69,50,0,11.61,LY,1611025389
272,Zhangaözen,43.3,52.8,29.57,93,100,12.35,KZ,1611025448
273,Oranjemund,-28.55,16.4333,66.78,78,98,11.88,NA,1611025448
274,‘Āhuimanu,21.4447,-157.8378,71.6,94,90,21.85,US,1611025448
275,Flinders,-34.5833,150.8552,73.0,59,31,5.99,AU,1611025408
276,Palmer,42.1584,-72.3287,30.99,55,20,8.05,US,1611025448
277,Baiyin,36.5583,104.2081,30.99,35,0,4.47,CN,1611025449
278,Shimoda,34.6667,138.95,48.2,53,20,12.66,JP,1611025449
279,La Santisima Trinidad,-14.8333,-64.9,65.95,83,97,3.49,BO,1611025346
280,Hong Kong,22.2855,114.1577,62.01,53,0,1.99,HK,1611025449
281,Klaksvík,62.2266,-6.589,35.6,87,8,6.91,FO,1611025449
282,São Filipe,14.8961,-24.4956,73.2,65,100,9.62,CV,1611025449
283,Airai,-8.9266,125.4092,64.24,100,100,2.1,TL,1611025390
284,Naryan-Mar,67.6713,53.087,-6.7,91,100,13.62,RU,1611025449
285,Athabasca,54.7169,-113.2854,33.8,64,66,8.05,CA,1611025449
286,Doaba,33.4244,70.7364,44.71,55,0,2.44,PK,1611025449
287,Isangel,-19.55,169.2667,87.8,74,75,9.22,VU,1611025449
288,Ihosy,-22.4,46.1167,70.12,85,100,2.53,MG,1611025449
289,Sychëvka,55.8252,34.2736,-0.15,93,100,2.1,RU,1611025450
290,Morros,-9.4467,-46.3003,74.16,62,82,2.06,BR,1611025450
291,Comodoro Rivadavia,-45.8667,-67.5,64.4,82,0,3.44,AR,1611025201
292,Acaraú,-2.8856,-40.12,79.25,79,100,10.85,BR,1611025450
293,Saldanha,-33.0117,17.9442,62.6,88,0,8.05,ZA,1611025450
294,Dongsheng,39.8161,109.9776,25.7,67,0,12.5,CN,1611025450
295,Simao,22.7886,100.9748,55.62,69,98,3.15,CN,1611025450
296,Taoudenni,22.6783,-3.9836,53.85,38,91,13.6,ML,1611025450
297,Shelburne,44.0787,-80.2041,26.01,100,90,3.53,CA,1611025450
298,Yumen,40.2833,97.2,18.91,77,0,20.2,CN,1611025450
299,Polewali,-3.4324,119.3435,82.0,73,100,3.11,ID,1611025450
300,Rodrigues Alves,-7.738,-72.6509,74.28,95,100,2.57,BR,1611025450
301,Agadez,19.75,10.25,49.75,43,0,12.28,NE,1611025451
302,Riyadh,24.6877,46.7219,55.4,38,0,3.44,SA,1611025333
303,Bilibino,68.0546,166.4372,-34.15,77,1,1.72,RU,1611025392
304,Ngunguru,-35.6167,174.5,74.98,58,100,13.8,NZ,1611025451
305,Porto-Novo,6.4965,2.6036,78.49,84,2,4.59,BJ,1611025403
306,Keffi,8.8486,7.8736,73.36,21,54,5.61,NG,1611025451
307,Virginia Beach,36.8529,-75.978,42.8,45,75,6.91,US,1611025047
308,Bemidji,47.4736,-94.8803,0.0,85,1,5.75,US,1611025451
309,Amapá,1.0,-52.0,71.92,98,100,2.06,BR,1611025451
310,Narrabri,-30.3167,149.7833,86.0,32,0,2.3,AU,1611025451
311,Naberera,-4.2,36.9333,62.02,90,98,2.91,TZ,1611025451
312,Grindavik,63.8424,-22.4338,32.0,74,20,28.77,IS,1611025432
313,Belyy Yar,53.6039,91.3903,-4.0,84,78,4.47,RU,1611025451
314,Padang,-0.9492,100.3543,84.2,65,20,1.14,ID,1611025452
315,Katsuura,35.1333,140.3,46.4,34,20,21.85,JP,1611025408
316,Mackay,-21.15,149.2,80.6,78,90,16.11,AU,1611025452
317,Tautira,-17.7333,-149.15,87.8,55,20,6.91,PF,1611025452
318,Mentougou,39.9392,116.0917,24.01,69,100,3.56,CN,1611025452
319,Marawi,7.9986,124.2928,81.0,83,50,5.01,PH,1611025452
320,Kizilskoye,52.7255,58.8937,1.53,92,100,6.13,RU,1611025452
321,Zhigansk,66.7697,123.3711,-50.62,75,54,7.23,RU,1611025452
322,Chui,-33.6971,-53.4616,60.76,76,0,4.36,UY,1611025399
323,Kasangulu,-4.5911,15.1708,75.2,94,90,9.22,CD,1611025452
324,Havre-St-Pierre,50.2334,-63.5986,24.8,80,90,11.5,CA,1611025453
325,Atar,20.5169,-13.0499,60.35,27,100,15.52,MR,1611025453
326,Tarn Taran,31.45,74.9253,42.8,100,0,3.44,IN,1611025453
327,Bac Lieu,9.285,105.7244,78.3,63,68,4.54,VN,1611025453
328,Fort-Shevchenko,44.5086,50.263,27.59,95,100,22.82,KZ,1611025453
329,Banda Aceh,5.5577,95.3222,81.95,68,49,9.44,ID,1611025453
330,Oriximiná,-1.7656,-55.8661,75.2,93,100,2.13,BR,1611025453
331,Sobolevo,54.4299,31.8996,-1.34,92,100,2.73,RU,1611025454
332,Dondaicha,21.3333,74.5667,77.16,36,0,2.98,IN,1611025454
333,Taksimo,56.3444,114.8794,-27.83,77,97,2.39,RU,1611025454
334,Nova Olímpia,-14.7972,-57.2881,69.6,96,100,0.63,BR,1611025454
335,Hamilton,39.1834,-84.5333,34.0,80,90,5.86,US,1611025410
336,Khovd,48.0056,91.6419,5.59,70,36,0.78,MN,1611025454
337,Rawson,-43.3002,-65.1023,67.93,56,0,9.51,AR,1611025454
338,Ahipara,-35.1667,173.1667,71.67,68,95,15.12,NZ,1611025435
339,Kirando,-7.4167,30.6,71.91,74,98,4.45,TZ,1611025454
340,Tabou,4.423,-7.3528,78.37,82,21,5.17,CI,1611025454
341,Sept-Îles,50.2001,-66.3821,17.6,73,85,14.97,CA,1611025454
342,Sinegorskiy,48.0139,40.8447,3.15,93,64,4.32,RU,1611025455
343,Mehamn,71.0357,27.8492,27.79,93,87,21.3,NO,1611025442
344,Barabash,43.2,131.4833,-2.2,35,0,15.66,RU,1611025455
345,Ambanja,-13.6833,48.45,76.05,88,100,5.19,MG,1611025455
346,Luorong,24.4058,109.6086,61.27,31,0,1.16,CN,1611025455
347,Cockburn Town,21.4612,-71.1419,78.84,80,100,13.91,TC,1611025455
348,Caravelas,-17.7125,-39.2481,74.41,85,0,5.95,BR,1611025383
349,Yeppoon,-23.1333,150.7333,91.4,35,66,6.91,AU,1611025397
350,Port Augusta,-32.5,137.7667,86.0,56,0,18.41,AU,1611025432
351,Ipil,7.75,122.5167,80.8,77,95,5.73,PH,1611025455
352,Hofn,64.2539,-15.2082,35.46,80,100,25.95,IS,1611025388
353,Karligan,14.975,122.0456,78.85,84,99,24.58,PH,1611025455
354,Davenda,53.5556,119.317,-16.19,78,0,2.44,RU,1611025455
355,Vrangel',42.7297,133.0839,1.17,79,0,13.51,RU,1611025456
356,Bonfim,3.0833,-59.95,78.15,69,92,8.46,BR,1611025456
357,Turbat,26.0023,63.044,61.3,89,24,1.63,PK,1611025456
358,Sajanan,37.0573,9.2426,50.0,66,0,10.36,TN,1611025456
359,Lugovoy,42.9472,72.7644,40.12,65,100,8.48,KZ,1611025456
360,Inyonga,-6.7167,32.0667,65.28,91,97,1.83,TZ,1611025456
361,Iwanai,42.9744,140.5089,18.95,92,100,19.86,JP,1611025456
362,Urengoy,65.9667,78.3667,-19.75,88,93,5.97,RU,1611025456
363,Chabahar,25.2919,60.643,66.27,79,0,11.18,IR,1611025456
364,Karratha,-20.7377,116.8463,101.89,26,14,5.99,AU,1611025402
365,Morón,-34.6534,-58.6198,77.0,53,0,1.01,AR,1611025456
366,Necochea,-38.5473,-58.7368,60.01,87,0,8.1,AR,1611025456
367,Manali,13.1667,80.2667,78.8,78,20,3.44,IN,1611025456
368,Nizwá,22.9333,57.5333,57.67,49,0,3.76,OM,1611025456
369,Boa Vista,2.8197,-60.6733,78.8,69,0,5.75,BR,1611025239
370,Shitanjing,39.2342,106.3439,28.58,60,0,5.08,CN,1611025457
371,Yar-Sale,66.8333,70.8333,-18.76,87,99,13.94,RU,1611025457
372,Mossamedes,-15.1961,12.1522,71.4,72,100,4.38,AO,1611025457
373,Mawlaik,23.6333,94.4167,72.61,50,41,0.81,MM,1611025457
374,Ürümqi,43.801,87.6005,1.4,85,40,2.24,CN,1611025457
375,Okara,30.8081,73.4458,49.84,61,0,2.93,PK,1611025457
376,Santa Vitória do Palmar,-33.5189,-53.3681,61.2,76,0,4.56,BR,1611025378
377,Den Helder,52.9599,4.7593,43.0,93,90,25.32,NL,1611025457
378,Severo-Yeniseyskiy,60.3725,93.0408,-2.24,93,100,9.53,RU,1611025457
379,Beyneu,45.3167,55.2,33.48,92,100,18.81,KZ,1611025457
380,Plyussa,58.4308,29.3654,8.08,95,20,3.76,RU,1611025457
381,Pimentel,-6.8367,-79.9342,70.2,82,100,12.41,PE,1611025458
382,Trincomalee,8.5711,81.2335,78.4,79,38,12.55,LK,1611025458
383,Bani Walid,31.7566,13.9942,47.98,79,0,11.12,LY,1611025458
384,Meulaboh,4.1363,96.1285,83.34,68,82,2.51,ID,1611025377
385,Gibara,21.1097,-76.1317,73.4,88,20,6.91,CU,1611025458
386,San Patricio,28.017,-97.5169,69.8,88,75,18.41,US,1611025433
387,Niquelândia,-14.4739,-48.4597,69.58,87,0,1.41,BR,1611025380
388,Horconcitos,8.4682,-81.8007,64.85,87,33,7.96,PA,1611025458
389,Vostok,46.4856,135.8833,-13.29,82,100,5.53,RU,1611025416
390,Pangnirtung,66.1451,-65.7125,16.56,85,100,11.05,CA,1611025445
391,Gemeente Wageningen,51.9667,5.6667,42.01,87,90,18.41,NL,1611025458
392,La Estancia,20.4167,-100.0667,57.2,41,20,5.75,MX,1611025458
393,Ongandjera,-17.8833,15.0667,73.76,49,99,4.94,NA,1611025459
394,Mount Gambier,-37.8333,140.7667,68.0,45,0,12.26,AU,1611025459
395,Totness,5.8833,-56.3167,77.49,83,97,12.01,SR,1611025459
396,Neya,58.2972,43.8681,-5.31,92,98,3.51,RU,1611025459
397,Presidencia Roque Sáenz Peña,-26.7852,-60.4388,70.0,59,0,1.99,AR,1611025387
398,Kaka,37.3482,59.6143,49.08,50,0,5.17,TM,1611025211
399,Vila Franca do Campo,37.7167,-25.4333,61.0,88,75,20.71,PT,1611025389
400,Skellefteå,64.7507,20.9528,-2.0,84,90,4.61,SE,1611025459
401,Kasongo,-4.45,26.6667,67.62,96,97,2.68,CD,1611025460
402,Fuyang,32.9,115.8167,48.7,48,0,11.72,CN,1611025460
403,Brownwood,31.7093,-98.9912,55.4,50,75,9.22,US,1611025460
404,Jijiga,9.35,42.8,55.87,38,0,10.02,ET,1611025460
405,Makkah al Mukarramah,21.4267,39.8261,64.31,45,0,5.39,SA,1611025460
406,Río Gallegos,-51.6226,-69.2181,57.2,54,40,5.75,AR,1611025292
407,Genç,38.7507,40.5603,27.82,95,100,2.64,TR,1611025350
408,Puerto Ayacucho,5.6639,-67.6236,77.74,66,68,7.76,VE,1611025460
409,Galesong,-5.3166,119.3661,77.0,100,40,2.3,ID,1611025460
410,Carballo,43.213,-8.691,46.0,87,3,5.01,ES,1611025460
411,Yulara,-25.2406,130.9889,89.6,14,0,13.8,AU,1611025402
412,Manyana,-23.4,21.7167,72.3,69,98,6.58,BW,1611025460
413,Road Town,18.4167,-64.6167,78.01,90,100,4.0,VG,1611025301
414,Colesberg,-30.72,25.0972,71.44,29,2,5.73,ZA,1611025461
415,Chake Chake,-5.2459,39.7666,77.18,83,16,8.03,TZ,1611025461
416,Sola,-13.8833,167.55,83.57,77,47,12.57,VU,1611025461
417,Provost,52.3501,-110.2683,32.0,86,0,13.8,CA,1611025461
418,Mahon,39.8885,4.2658,46.4,87,20,4.61,ES,1611025461
419,Nelson Bay,-32.7167,152.15,71.6,73,90,18.41,AU,1611025461
420,Kavieng,-2.5744,150.7967,84.13,73,99,11.36,PG,1611025461
421,Sengés,-24.1128,-49.4636,68.0,64,100,1.01,BR,1611025461
422,Ishigaki,24.3448,124.1572,66.2,59,75,19.57,JP,1611025461
423,Kadaura,25.9833,79.85,60.08,70,4,4.03,IN,1611025461
424,Pervomayskoye,43.919,46.7102,27.57,91,100,14.7,RU,1611025462
425,Sungai Raya,0.7,108.9,83.21,69,100,9.6,ID,1611025462
426,San Quintín,30.4833,-115.95,62.1,76,86,12.26,MX,1611025462
427,Sørland,67.667,12.6934,35.85,83,0,18.16,NO,1611025462
428,Topola,44.2542,20.6825,28.4,93,75,4.38,RS,1611025462
429,Mayo,38.8876,-76.5119,37.99,52,1,4.61,US,1611025462
430,Port Hedland,-20.3167,118.5667,100.4,34,12,10.36,AU,1611025462
431,Khandyga,62.6667,135.6,-45.62,76,100,1.39,RU,1611025462
432,St. Julian's,35.9184,14.4898,48.0,81,20,6.91,MT,1611025462
433,Kalabo,-14.97,22.6814,67.68,94,100,3.85,ZM,1611025462
434,Härnösand,62.6323,17.9379,-4.0,84,55,8.05,SE,1611025462
435,Pisco,-13.7,-76.2167,68.0,88,0,8.05,PE,1611025462
436,Kitakyushu,33.8333,130.8333,43.0,52,75,6.91,JP,1611025249
437,Hobyo,5.3505,48.5268,75.47,72,49,17.67,SO,1611025463
438,Kalmunai,7.4167,81.8167,74.14,89,100,13.56,LK,1611025463
439,Clyde River,70.4692,-68.5914,-5.8,77,90,5.75,CA,1611025399
440,Karatuzskoye,53.6072,92.8667,13.1,94,97,0.49,RU,1611025463
441,Adrar,20.5022,-10.0711,56.61,32,100,13.24,MR,1611025330
442,Tucumcari,35.1717,-103.725,42.8,49,20,16.11,US,1611025463
443,Guerrero Negro,27.9769,-114.0611,61.0,66,0,2.75,MX,1611025463
444,Broome,42.2506,-75.833,28.99,86,90,4.61,US,1611025463
445,Obo,5.3998,26.4869,69.13,25,78,5.75,CF,1611025463
446,Viedma,-40.8135,-62.9967,70.0,44,0,9.57,AR,1611025463
447,Touros,-5.1989,-35.4608,78.8,78,40,9.22,BR,1611025461
448,Develi,38.3906,35.4922,17.6,73,75,9.22,TR,1611025463
449,Panzhihua,26.5851,101.7128,52.5,57,69,0.89,CN,1611025463
450,Pringsewu,-5.3582,104.9744,72.73,92,100,1.34,ID,1611025464
451,Gayny,60.3071,54.3241,-15.57,89,22,3.4,RU,1611025464
452,Birjand,32.8663,59.2211,28.4,50,0,6.91,IR,1611025464
453,São João de Meriti,-22.8039,-43.3722,88.0,69,0,4.61,BR,1611025313
454,Iracoubo,5.4802,-53.2011,77.94,80,89,13.44,GF,1611025464
455,Broken Hill,-31.95,141.4333,77.0,31,0,17.27,AU,1611025415
456,Port Lincoln,-34.7333,135.8667,67.6,59,11,12.91,AU,1611025464
457,Messina,38.1933,15.5497,51.01,37,40,3.44,IT,1611025311
458,Noumea,-22.2763,166.4572,88.0,74,75,8.05,NC,1611025464
459,Codrington,-38.2667,141.9667,61.47,56,0,15.82,AU,1611025464
460,Brooklyn Park,45.0941,-93.3563,21.2,86,90,5.75,US,1611025464
461,Dessie,11.1333,39.6333,44.35,71,49,1.9,ET,1611025464
462,Pailón,-17.65,-62.75,68.0,83,100,3.44,BO,1611025465
463,Bilma,18.6853,12.9164,56.01,36,0,11.5,NE,1611025465
464,Cairns,-16.9167,145.7667,86.0,66,100,6.91,AU,1611025379
465,Puerto Colombia,10.9878,-74.9547,78.8,78,0,14.97,CO,1611025465
466,Nyzhni Sirohozy,46.8484,34.3804,4.33,92,16,5.84,UA,1611025465
467,Boda,4.3189,17.4695,65.46,30,5,1.92,CF,1611025465
468,Cham,47.1821,8.4636,26.01,100,20,2.84,CH,1611025465
469,La Ronge,55.1001,-105.2842,10.4,85,94,2.3,CA,1611025252
470,Faya,18.3851,42.4509,50.0,66,0,1.21,SA,1611025465
471,Puerto del Rosario,28.5004,-13.8627,62.6,72,20,9.22,ES,1611025465
472,Chernelytsya,48.8121,25.4248,6.08,93,74,1.45,UA,1611025465
473,Charter Township of Clinton,42.587,-82.9199,32.0,100,90,12.66,US,1611025465
474,Gangākher,18.95,76.75,69.8,78,0,2.3,IN,1611025466
475,Yenagoa,4.9247,6.2642,76.17,92,90,3.44,NG,1611025456
476,Wodonga,-36.1167,146.8833,87.01,19,14,5.75,AU,1611025466
477,Pangai,-19.8,-174.35,87.8,70,20,6.91,TO,1611025466
478,Chicama,-7.8447,-79.1469,71.8,75,100,4.27,PE,1611025466
479,Ambilobe,-13.2,49.05,76.15,92,100,6.35,MG,1611025466
480,Ust-Nera,64.5667,143.2,-17.93,78,100,4.74,RU,1611025466
481,Amahai,-3.3333,128.9167,85.39,68,100,1.81,ID,1611025466
482,Puyang,29.4603,119.8861,49.89,47,0,4.54,CN,1611025466
483,Carauari,-4.8828,-66.8958,75.78,93,99,1.19,BR,1611025466
484,Kochevo,59.5994,54.3125,-13.41,90,60,2.57,RU,1611025467
485,Javānrūd,34.7961,46.5172,33.31,92,5,2.84,IR,1611025467
486,Havøysund,70.9963,24.6622,30.2,59,75,8.05,NO,1611025467
487,Kanhangad,12.3081,75.1063,77.27,60,0,5.48,IN,1611025467
488,Kéfalos,36.7453,26.9589,41.0,52,20,12.66,GR,1611025467
489,Moju,-1.8839,-48.7689,75.2,94,40,3.44,BR,1611025467
490,Lüshunkou,38.8,121.2667,26.6,63,75,11.18,CN,1611025467
491,Morondava,-20.2833,44.2833,78.3,87,99,3.29,MG,1611025467
492,Anjiang,27.3194,110.1031,55.67,41,0,0.4,CN,1611025467
493,Mercedes,-34.6515,-59.4307,73.0,89,0,10.11,AR,1611025467
494,Caniço,32.6333,-16.85,55.4,71,20,1.14,PT,1611025467
495,Ulaanbaatar,47.9077,106.8832,-7.6,77,0,2.24,MN,1611025452
496,Los Llanos de Aridane,28.6585,-17.9182,62.6,63,90,5.75,ES,1611025467
497,Jurm,36.8648,70.8342,33.82,71,96,5.32,AF,1611025468
498,Mundo Novo,-11.8589,-40.4725,63.7,90,0,3.53,BR,1611025468
499,Misratah,32.3754,15.0925,56.5,66,18,13.71,LY,1611025468
500,São Mateus,-18.7161,-39.8589,73.81,89,3,5.14,BR,1611025468
501,Mpanda,-6.3655,31.0409,65.26,92,99,1.23,TZ,1611025402
502,Ekhabi,53.5102,142.9671,-17.86,80,15,18.43,RU,1611025468
503,Samarai,-10.6167,150.6667,87.19,70,92,11.59,PG,1611025468
504,Tanout,14.9709,8.8879,59.18,31,70,14.7,NE,1611025468
505,Saint Anthony,45.0205,-93.218,21.2,86,90,5.75,US,1611025468
506,Igarka,67.4667,86.5833,-10.82,88,100,10.27,RU,1611025468
507,Saint-Michel-des-Saints,46.6834,-73.9159,3.29,90,0,6.15,CA,1611025226
508,Tocache,-8.1842,-76.5125,70.36,87,98,0.96,PE,1611025469
509,Kavaratti,10.5669,72.642,81.12,74,0,6.49,IN,1611025189
510,Tual,-5.6667,132.75,83.62,75,100,12.01,ID,1611025386
511,Rocha,-34.4833,-54.3333,57.33,82,0,5.08,UY,1611025469
512,Nouakchott,18.0858,-15.9785,62.6,15,100,8.05,MR,1611025273
513,Mislinja,46.4411,15.1956,30.99,88,100,3.33,SI,1611025469
514,Alihe,50.5667,123.7167,-8.79,75,99,2.93,CN,1611025469
515,Wagar,16.1525,36.2032,61.12,86,0,15.01,SD,1611025469
516,Beloha,-25.1667,45.05,74.57,92,92,7.58,MG,1611025469
517,Coxim,-18.5067,-54.76,70.36,93,100,2.28,BR,1611025469
518,Grand Gaube,-20.0064,57.6608,80.01,86,94,3.0,MU,1611025469
519,Ardrishaig,56.0157,-5.4481,41.0,100,75,2.3,GB,1611025470
520,Polunochnoye,60.8697,60.4153,-16.69,85,0,2.17,RU,1611025470
521,Ust'-Kulom,61.6864,53.6902,-15.54,89,35,4.65,RU,1611025470
522,Belmonte,-15.8631,-38.8828,75.2,83,0,2.3,BR,1611025470
523,Sistranda,63.7256,8.834,28.4,80,0,16.11,NO,1611025470
524,Asmara,15.3333,38.9333,47.17,100,66,6.6,ER,1611025470
525,Matara,5.9485,80.5353,79.16,84,28,4.18,LK,1611025470
526,Chunoyar,57.4467,97.3217,7.84,92,100,10.09,RU,1611025470
527,Bata,1.8639,9.7658,78.12,85,50,5.1,GQ,1611025470
528,Manakara,-22.1333,48.0167,76.17,91,90,4.12,MG,1611025470
529,Nouadhibou,20.931,-17.0347,62.6,42,0,16.11,MR,1611025470
530,Olinda,-8.0089,-34.8553,75.2,83,40,9.22,BR,1611025470
531,Altamont,42.2068,-121.7372,37.99,48,1,4.61,US,1611025470
532,Manching,48.7166,11.4939,32.0,80,87,10.36,DE,1611025471
533,Murfreesboro,35.8456,-86.3903,39.2,60,40,4.61,US,1611025471
534,Vardø,70.3705,31.1107,28.67,95,95,27.89,NO,1611025413
535,Pontian Kecil,1.4801,103.3899,81.0,74,20,9.22,MY,1611025471
536,Kuusamo,65.9667,29.1833,21.2,93,90,5.75,FI,1611025457
537,Makīnsk,52.6292,70.4169,-3.91,87,90,3.4,KZ,1611025471
538,Varnavino,57.4035,45.0916,-6.57,91,100,2.64,RU,1611025471
539,Władysławowo,54.7909,18.4009,21.99,85,90,5.75,PL,1611025471
540,Margate,51.3813,1.3862,46.99,85,100,5.99,GB,1611025471
541,Cocentaina,38.7398,-0.4398,45.0,90,0,1.99,ES,1611025471
542,Mangaratiba,-22.9597,-44.0406,75.2,83,0,3.44,BR,1611025385
543,Erzin,36.9559,36.2,39.2,100,75,23.02,TR,1611025471
544,Lakes Entrance,-37.8811,147.981,69.01,44,25,4.0,AU,1611025472
545,Taltal,-25.4,-70.4833,65.86,72,0,4.09,CL,1611025266
546,Nagornskiy,58.7731,57.5451,-15.61,90,71,1.77,RU,1611025472
547,Eustis,28.8528,-81.6853,51.8,58,1,3.44,US,1611025308
548,Hualmay,-11.0964,-77.6139,70.41,83,99,6.38,PE,1611025472
549,Jalu,29.0331,21.5482,49.1,52,0,10.65,LY,1611025472
550,Mweka,-4.85,21.5667,68.07,93,100,0.69,CD,1611025472
551,Santa Maria,-29.6842,-53.8069,69.8,83,0,9.22,BR,1611025454
552,Tevriz,57.509,72.4042,-12.57,89,49,6.04,RU,1611025472
553,Jérémie,18.65,-74.1167,76.24,77,100,6.04,HT,1611025472
554,Acarí,-15.4311,-74.6158,72.95,68,100,3.33,PE,1611025411
555,Morro Bay,35.3658,-120.8499,64.99,46,0,5.82,US,1611025307
556,Usevya,-7.1,31.2333,65.32,90,97,1.32,TZ,1611025472
557,Jumla,29.2747,82.1838,42.39,55,0,0.69,NP,1611025473
558,Zyryanka,65.75,150.85,-40.38,81,100,4.05,RU,1611025473
559,Pokhara,28.2333,83.9833,60.22,47,73,1.36,NP,1611025473
560,Port Hardy,50.6996,-127.4199,42.8,100,90,4.61,CA,1611025379
561,Arinos,-15.9169,-46.1056,68.09,85,0,1.16,BR,1611025473
562,Coyhaique,-45.5752,-72.0662,57.2,88,20,3.44,CL,1611025473
563,Daru,-9.0763,143.2092,87.39,65,100,4.07,PG,1611025473
564,Svetlaya,46.5389,138.3297,4.21,73,0,14.25,RU,1611025473
565,Aksarka,66.5606,67.7975,-20.36,85,98,3.94,RU,1611025473
566,Siparia,10.1333,-61.5,75.0,92,51,1.01,TT,1611025473
567,Takanabe,32.1333,131.5,48.2,46,20,3.44,JP,1611025473
568,Griffith,41.5284,-87.4237,27.0,68,90,13.8,US,1611025279
569,Bathsheba,13.2167,-59.5167,78.8,78,40,17.27,BB,1611025386
570,Powell River,49.8496,-124.5361,42.8,93,40,2.3,CA,1611025203
571,Yangambi,0.8102,24.4336,69.57,89,69,1.45,CD,1611025474
572,Muhos,64.808,25.9931,23.0,93,90,5.75,FI,1611025474
573,Tateyama,34.9833,139.8667,48.99,53,20,12.66,JP,1611025474
574,Itanhém,-17.1664,-40.33,69.46,92,19,5.14,BR,1611025474
575,Mareeba,-17.0,145.4333,86.0,66,96,6.91,AU,1611025381
576,São Miguel,-5.4667,-35.3667,80.6,78,40,9.22,BR,1611025474
577,San Alberto,7.7611,-73.3922,78.12,58,0,2.13,CO,1611025474
